feature,coef
cibil_score,4.22618821913205
income_annum,-1.4195146155094387
loan_term,-0.7822235886761779
loan_to_income_ratio,0.4186684865464453
loan_to_assets_ratio,0.4186684865464453
loan_amount,0.4186684865464452
education_Graduate,0.3932953016320619
self_employed_Yes,0.3375286487532907
self_employed_No,0.31708144400984
total_assets,0.26480942153382697
education_Not Graduate,0.2613147911310666
no_of_dependents,-0.05850785414613599
