feature,coef
cibil_score,4.204408092694014
loan_to_income_ratio,1.0525272968856838
loan_term,-0.8733393438737633
total_assets,-0.8066752383348287
loan_to_assets_ratio,-0.7428233585073645
income_annum,0.5287443068854183
education_1,0.5245037766092504
self_employed_1,0.4574864480518794
self_employed_0,0.4253193616723542
education_0,0.3583020331150109
loan_amount,0.17666269730217576
no_of_dependents,-0.05670701107745533
